{
  "phase": 158,
  "merged_data": true,
  "jacobian_frames": 4968,
  "phase63_frames": 5032,
  "lr": 2e-05,
  "epochs": 7,
  "best_epoch": 4,
  "best_sr_10ep": 0.3,
  "final_sr_30ep": 0.23333333333333334,
  "final_mean_steps": 172.13333333333333,
  "total_time_s": 683.0536727905273,
  "output_dir": "/Users/i_am_ai/hermes_research/lekiwi_vla/results/phase158_merged_jacobian_lr2e-05_ep7_20260419_0136"
}