{
  "phase": 158,
  "merged_data": true,
  "jacobian_frames": 4849,
  "phase63_frames": 5151,
  "lr": 2e-05,
  "epochs": 10,
  "best_epoch": 6,
  "best_sr_10ep": 0.2,
  "final_sr_30ep": 0.03333333333333333,
  "final_mean_steps": 193.33333333333334,
  "total_time_s": 1054.0750408172607,
  "output_dir": "/Users/i_am_ai/hermes_research/lekiwi_vla/results/phase158_merged_jacobian_lr2e-05_ep10_20260418_1915"
}