{
  "phase": 157,
  "vla_sr": 0.13333333333333333,
  "vla_success": [
    false,
    false,
    false,
    false,
    false,
    true,
    true,
    false,
    false,
    false,
    false,
    false,
    false,
    false,
    true,
    false,
    false,
    false,
    false,
    false,
    false,
    false,
    false,
    false,
    false,
    false,
    false,
    false,
    true,
    false
  ],
  "vla_steps": [
    200,
    200,
    200,
    200,
    200,
    110,
    115,
    200,
    200,
    200,
    200,
    200,
    200,
    200,
    92,
    200,
    200,
    200,
    200,
    200,
    200,
    200,
    200,
    200,
    200,
    200,
    200,
    200,
    1,
    200
  ],
  "vla_dists": [
    1.5838985347583263,
    2.092237118327581,
    1.1384408622583462,
    2.0157844028836838,
    2.0353258747192218,
    0.1468338059174299,
    0.14944887085536,
    2.0019011585993467,
    1.9147719269880694,
    2.15902845436616,
    2.0424403996269547,
    2.23847995932098,
    2.453607899058159,
    1.9982851801499064,
    0.14560537805217905,
    1.8263969143880041,
    2.0280856160410887,
    2.1984984977845503,
    1.7218304169883172,
    1.8199855075627296,
    1.4320514046162027,
    1.879944657887833,
    1.8787598477802818,
    1.6731901647089948,
    2.3156597237362715,
    2.4590729912286653,
    2.145009986134058,
    1.4191756953584738,
    0.08008286658814627,
    2.41604905598023
  ],
  "goals": [
    [
      0.2739560604095459,
      -0.061121560633182526
    ],
    [
      0.35859793424606323,
      0.19736802577972412
    ],
    [
      -0.40582266449928284,
      0.47562235593795776
    ],
    [
      0.2611396908760071,
      0.2860642969608307
    ],
    [
      -0.37188637256622314,
      -0.049614060670137405
    ],
    [
      -0.1292019784450531,
      0.42676499485969543
    ],
    [
      0.14386512339115143,
      0.3227616250514984
    ],
    [
      -0.056585799902677536,
      -0.2727612853050232
    ],
    [
      0.05458478629589081,
      -0.43618273735046387
    ],
    [
      0.3276311755180359,
      0.13166439533233643
    ],
    [
      0.25808775424957275,
      -0.14547403156757355
    ],
    [
      0.4706980288028717,
      0.3931211233139038
    ],
    [
      0.2783834934234619,
      -0.3053613007068634
    ],
    [
      -0.033278997987508774,
      -0.45619624853134155
    ],
    [
      -0.34571051597595215,
      0.18304894864559174
    ],
    [
      0.24476215243339539,
      0.46750974655151367
    ],
    [
      -0.17417463660240173,
      -0.12954029440879822
    ],
    [
      -0.03044418804347515,
      -0.31052863597869873
    ],
    [
      -0.37007850408554077,
      -0.024295073002576828
    ],
    [
      -0.273090660572052,
      0.16981399059295654
    ],
    [
      -0.06284808367490768,
      0.3326781988143921
    ],
    [
      0.2002650946378708,
      -0.18763336539268494
    ],
    [
      0.33225980401039124,
      0.30476436018943787
    ],
    [
      -0.11252161860466003,
      -0.2116718888282776
    ],
    [
      0.18249550461769104,
      -0.36024752259254456
    ],
    [
      -0.30009180307388306,
      -0.4926377236843109
    ],
    [
      0.2869243919849396,
      0.1648508608341217
    ],
    [
      0.20516537129878998,
      0.2807290256023407
    ],
    [
      -0.041084226220846176,
      0.06874119490385056
    ],
    [
      -0.36020299792289734,
      -0.385469913482666
    ]
  ],
  "pctrl": {
    "success": [
      false,
      true,
      false,
      false,
      true,
      false,
      false,
      false,
      false,
      true,
      false,
      false,
      false,
      false,
      true,
      false,
      true,
      false,
      true,
      false,
      false,
      false,
      false,
      false,
      false,
      false,
      true,
      false,
      true,
      false
    ],
    "steps": [
      200,
      106,
      200,
      200,
      88,
      200,
      200,
      200,
      200,
      97,
      200,
      200,
      200,
      200,
      112,
      200,
      45,
      200,
      87,
      200,
      200,
      200,
      200,
      200,
      200,
      200,
      86,
      200,
      1,
      200
    ],
    "dist": [
      0.245399504434246,
      0.14725847602981862,
      1.2218759998372781,
      0.44398472244260934,
      0.1495565150588019,
      0.388667296466003,
      0.5023951805038008,
      0.24283511227032656,
      0.44166300506311756,
      0.14918389332116744,
      0.26276988873750784,
      0.48002537121176914,
      0.3331345217503637,
      0.4295309709561775,
      0.1499660157399981,
      0.5685860934373482,
      0.14956099219317073,
      0.2861858008115256,
      0.1495798031571692,
      0.6281408425049921,
      0.37147823318948553,
      0.3441671936692407,
      0.3654301556638709,
      0.21673342506038978,
      0.43860545569754045,
      1.1794197599091718,
      0.1455846983208137,
      0.5079421112290353,
      0.08008286658814627,
      1.3220971546120388
    ]
  }
}