{
  "checkpoint": "/Users/i_am_ai/hermes_research/lekiwi_vla/results/phase154_sweep_lr2e-05_ep3_20260418_0754/best_policy.pt",
  "summary": {
    "vla_sr": 0.0,
    "pctrl_sr": 0.4,
    "gap_pp": 40.0,
    "vla_wins": 0,
    "pctrl_wins": 2,
    "ties": 3
  },
  "goals": [
    [
      0.2739560604095459,
      -0.061121560633182526
    ],
    [
      0.35859793424606323,
      0.19736802577972412
    ],
    [
      -0.40582266449928284,
      0.47562235593795776
    ],
    [
      0.2611396908760071,
      0.2860642969608307
    ],
    [
      -0.37188637256622314,
      -0.049614060670137405
    ]
  ],
  "vla": {
    "success": [
      false,
      false,
      false,
      false,
      false
    ],
    "steps": [
      200,
      200,
      200,
      200,
      200
    ],
    "dist": [
      1.5678094275664747,
      1.804869313118469,
      1.2034178980858699,
      2.414025100281881,
      1.87325634846061
    ]
  },
  "pctrl": {
    "success": [
      false,
      true,
      false,
      false,
      true
    ],
    "steps": [
      200,
      106,
      200,
      200,
      88
    ],
    "dist": [
      0.245399504434246,
      0.14725847602981862,
      1.2218759998372781,
      0.44398472244260934,
      0.1495565150588019
    ]
  },
  "config": {
    "n_episodes": 5,
    "seed": 42,
    "restricted": false,
    "max_steps": 200,
    "eval_time": "20260418_1218"
  }
}