{
  "checkpoint": "/Users/i_am_ai/hermes_research/lekiwi_vla/results/phase154_sweep_lr2e-05_ep3_20260418_0754/best_policy.pt",
  "summary": {
    "vla_sr": 0.2,
    "pctrl_sr": 0.0,
    "gap_pp": -20.0,
    "vla_wins": 1,
    "pctrl_wins": 0,
    "ties": 4
  },
  "goals": [
    [
      0.2739560604095459,
      -0.061121560633182526
    ],
    [
      0.35859793424606323,
      0.19736802577972412
    ],
    [
      -0.40582266449928284,
      0.47562235593795776
    ],
    [
      0.2611396908760071,
      0.2860642969608307
    ],
    [
      -0.37188637256622314,
      -0.049614060670137405
    ]
  ],
  "vla": {
    "success": [
      true,
      false,
      false,
      false,
      false
    ],
    "steps": [
      153,
      200,
      200,
      200,
      200
    ],
    "dist": [
      0.14943151028808915,
      0.7899968117445224,
      0.5201887235337587,
      0.5337347261204671,
      0.5527195336404753
    ]
  },
  "pctrl": {
    "success": [
      false,
      false,
      false,
      false,
      false
    ],
    "steps": [
      200,
      200,
      200,
      200,
      200
    ],
    "dist": [
      0.27994441976823736,
      0.4119744506607068,
      0.6229072737832974,
      0.39017232847670025,
      0.3730171442878679
    ]
  },
  "config": {
    "n_episodes": 5,
    "seed": 42,
    "restricted": false,
    "max_steps": 200,
    "eval_time": "20260418_1706"
  }
}