{
  "vla_success_rate": 0.0,
  "pctrl_success_rate": 20.0,
  "vla_results": {
    "success": [
      false,
      false,
      false,
      false,
      false
    ],
    "steps": [
      100,
      100,
      100,
      100,
      100
    ],
    "final_dist": [
      0.34487670656941516,
      0.5741734633759586,
      0.8737302697554298,
      1.2466742386279526,
      0.1682158410842046
    ]
  },
  "pctrl_results": {
    "success": [
      false,
      false,
      false,
      false,
      true
    ],
    "steps": [
      100,
      100,
      100,
      100,
      58
    ],
    "final_dist": [
      0.10550511657001814,
      0.23166005719603733,
      0.11003653191115426,
      0.11473426802838,
      0.09576984573037962
    ]
  },
  "goals": [
    [
      0.3,
      0.3
    ],
    [
      0.3,
      -0.3
    ],
    [
      -0.3,
      0.3
    ],
    [
      -0.3,
      -0.3
    ],
    [
      0.4,
      0.1
    ]
  ],
  "elapsed_seconds": 169.58646392822266
}