{
  "checkpoint": "/Users/i_am_ai/hermes_research/lekiwi_vla/results/phase154_sweep_lr2e-05_ep3_20260418_0754/best_policy.pt",
  "vla": {
    "success_rate": 0.3,
    "ci_95_low": 0.10778928748621183,
    "ci_95_high": 0.6032267800204347,
    "n_episodes": 10,
    "successes": 3,
    "mean_steps": 172.2,
    "std_steps": 42.799065410356796,
    "mean_final_dist": 1.538633899413873,
    "steps_list": [
      200,
      200,
      102,
      200,
      200,
      200,
      121,
      99,
      200,
      200
    ],
    "distances": [
      2.5391925952682195,
      1.632776865428095,
      0.1497979277309987,
      2.2602817260581545,
      1.8788918243198542,
      1.8929831924810558,
      0.1499537068695027,
      0.14585684756153006,
      2.4429847164958005,
      2.2936195919255202
    ]
  },
  "pctrl": {
    "success_rate": 0.3,
    "n_episodes": 10,
    "successes": 3,
    "mean_steps": 165.0,
    "std_steps": 56.078516385510774,
    "mean_final_dist": 0.3302919114294821
  },
  "gap_pp": 0.0,
  "config": {
    "n_episodes": 10,
    "threshold": 0.15,
    "max_steps": 200,
    "eval_time": "20260418_2244"
  }
}