{
  "checkpoint": "/Users/i_am_ai/hermes_research/lekiwi_vla/results/phase154_sweep_lr2e-05_ep3_20260418_0754/best_policy.pt",
  "summary": {
    "vla_sr": 0.16666666666666666,
    "pctrl_sr": 0.26666666666666666,
    "gap_pp": 10.0,
    "vla_wins": 4,
    "pctrl_wins": 7,
    "ties": 19
  },
  "goals": [
    [
      0.2739560604095459,
      -0.061121560633182526
    ],
    [
      0.35859793424606323,
      0.19736802577972412
    ],
    [
      -0.40582266449928284,
      0.47562235593795776
    ],
    [
      0.2611396908760071,
      0.2860642969608307
    ],
    [
      -0.37188637256622314,
      -0.049614060670137405
    ],
    [
      -0.1292019784450531,
      0.42676499485969543
    ],
    [
      0.14386512339115143,
      0.3227616250514984
    ],
    [
      -0.056585799902677536,
      -0.2727612853050232
    ],
    [
      0.05458478629589081,
      -0.43618273735046387
    ],
    [
      0.3276311755180359,
      0.13166439533233643
    ],
    [
      0.25808775424957275,
      -0.14547403156757355
    ],
    [
      0.4706980288028717,
      0.3931211233139038
    ],
    [
      0.2783834934234619,
      -0.3053613007068634
    ],
    [
      -0.033278997987508774,
      -0.45619624853134155
    ],
    [
      -0.34571051597595215,
      0.18304894864559174
    ],
    [
      0.24476215243339539,
      0.46750974655151367
    ],
    [
      -0.17417463660240173,
      -0.12954029440879822
    ],
    [
      -0.03044418804347515,
      -0.31052863597869873
    ],
    [
      -0.37007850408554077,
      -0.024295073002576828
    ],
    [
      -0.273090660572052,
      0.16981399059295654
    ],
    [
      -0.06284808367490768,
      0.3326781988143921
    ],
    [
      0.2002650946378708,
      -0.18763336539268494
    ],
    [
      0.33225980401039124,
      0.30476436018943787
    ],
    [
      -0.11252161860466003,
      -0.2116718888282776
    ],
    [
      0.18249550461769104,
      -0.36024752259254456
    ],
    [
      -0.30009180307388306,
      -0.4926377236843109
    ],
    [
      0.2869243919849396,
      0.1648508608341217
    ],
    [
      0.20516537129878998,
      0.2807290256023407
    ],
    [
      -0.041084226220846176,
      0.06874119490385056
    ],
    [
      -0.36020299792289734,
      -0.385469913482666
    ]
  ],
  "vla": {
    "success": [
      false,
      false,
      false,
      false,
      false,
      true,
      true,
      false,
      false,
      false,
      false,
      false,
      false,
      false,
      false,
      false,
      false,
      false,
      false,
      true,
      false,
      false,
      false,
      false,
      false,
      false,
      false,
      true,
      true,
      false
    ],
    "steps": [
      200,
      200,
      200,
      200,
      200,
      117,
      92,
      200,
      200,
      200,
      200,
      200,
      200,
      200,
      200,
      200,
      200,
      200,
      200,
      87,
      200,
      200,
      200,
      200,
      200,
      200,
      200,
      95,
      1,
      200
    ],
    "dist": [
      1.391418027912832,
      1.8525451277193081,
      1.4795368552138555,
      1.1158791867035638,
      1.7252117426777356,
      0.14790915338709051,
      0.14422774119297394,
      2.1252264982460254,
      2.338597596167925,
      1.6525258382836525,
      2.4265192285351884,
      1.0662656335040002,
      2.349157262625918,
      2.491922464254204,
      1.356966447542747,
      1.6878168240135822,
      2.1238376998088,
      2.282283824102137,
      1.760937936525222,
      0.14350003396294675,
      1.7853748039423942,
      2.1529181711044743,
      1.2472757082266326,
      2.199908816280628,
      2.385402378908694,
      2.1493724457986034,
      1.26536936046663,
      0.14913821827976323,
      0.08008286658814627,
      2.134781092143894
    ]
  },
  "pctrl": {
    "success": [
      false,
      true,
      false,
      false,
      true,
      false,
      false,
      false,
      false,
      true,
      false,
      false,
      false,
      false,
      true,
      false,
      true,
      false,
      true,
      false,
      false,
      false,
      false,
      false,
      false,
      false,
      true,
      false,
      true,
      false
    ],
    "steps": [
      200,
      106,
      200,
      200,
      88,
      200,
      200,
      200,
      200,
      97,
      200,
      200,
      200,
      200,
      112,
      200,
      45,
      200,
      87,
      200,
      200,
      200,
      200,
      200,
      200,
      200,
      86,
      200,
      1,
      200
    ],
    "dist": [
      0.245399504434246,
      0.14725847602981862,
      1.2218759998372781,
      0.44398472244260934,
      0.1495565150588019,
      0.388667296466003,
      0.5023951805038008,
      0.24283511227032656,
      0.44166300506311756,
      0.14918389332116744,
      0.26276988873750784,
      0.48002537121176914,
      0.3331345217503637,
      0.4295309709561775,
      0.1499660157399981,
      0.5685860934373482,
      0.14956099219317073,
      0.2861858008115256,
      0.1495798031571692,
      0.6281408425049921,
      0.37147823318948553,
      0.3441671936692407,
      0.3654301556638709,
      0.21673342506038978,
      0.43860545569754045,
      1.1794197599091718,
      0.1455846983208137,
      0.5079421112290353,
      0.08008286658814627,
      1.3220971546120388
    ]
  },
  "config": {
    "n_episodes": 30,
    "seed": 42,
    "restricted": false,
    "max_steps": 200,
    "eval_time": "20260418_1043"
  }
}