{
  "summary": {
    "vla_sr": 53.333333333333336,
    "pctrl_sr": 100.0,
    "n_episodes": 30,
    "seed": 42,
    "wheel_scale": 0.0834
  },
  "traces": {
    "ep00_fail": {
      "goal": [
        0.3643736243247986,
        -0.036672934889793396
      ],
      "quadrant": "+X-Y",
      "vla_wheel_last": [
        0.021148668602108955,
        0.015203853137791157,
        -0.029420951381325722
      ],
      "pctrl_wheel_last": [
        -0.16008654604269046,
        0.5,
        -0.5
      ],
      "vla_disp": 0.01820292550072737,
      "final_dist": 0.36165465695876803
    },
    "ep07_fail": {
      "goal": [
        0.16604851186275482,
        -0.16365677118301392
      ],
      "quadrant": "+X-Y",
      "vla_wheel_last": [
        0.018660346046090126,
        0.014345787465572357,
        -0.029402470216155052
      ],
      "pctrl_wheel_last": [
        -0.5,
        0.06718496378764804,
        -0.5
      ],
      "vla_disp": 0.01870817435266705,
      "final_dist": 0.2178064251640858
    },
    "ep08_fail": {
      "goal": [
        0.23275087773799896,
        -0.26170966029167175
      ],
      "quadrant": "+X-Y",
      "vla_wheel_last": [
        0.018443075940012932,
        0.009454374201595783,
        -0.031329475343227386
      ],
      "pctrl_wheel_last": [
        -0.5,
        -0.06017128951100492,
        -0.5
      ],
      "vla_disp": 0.018408140713675372,
      "final_dist": 0.33421953420709305
    },
    "ep10_fail": {
      "goal": [
        0.3548526465892792,
        -0.08728441596031189
      ],
      "quadrant": "+X-Y",
      "vla_wheel_last": [
        0.020274309441447258,
        0.01401751022785902,
        -0.029940210282802582
      ],
      "pctrl_wheel_last": [
        -0.3468016167285305,
        0.5,
        -0.5
      ],
      "vla_disp": 0.018582805631449484,
      "final_dist": 0.35788413850636464
    },
    "ep12_fail": {
      "goal": [
        0.3670300841331482,
        -0.18321678042411804
      ],
      "quadrant": "+X-Y",
      "vla_wheel_last": [
        0.01875936985015869,
        0.010736986063420773,
        -0.031208327040076256
      ],
      "pctrl_wheel_last": [
        -0.5,
        0.5,
        -0.5
      ],
      "vla_disp": 0.01831833947874021,
      "final_dist": 0.3989245859069961
    },
    "ep01_succ": {
      "goal": [
        0.415158748626709,
        0.11842081695795059
      ],
      "quadrant": "+X+Y",
      "vla_wheel_last": [
        0.02481391839683056,
        0.017344273626804352,
        -0.028134703636169434
      ],
      "pctrl_wheel_last": [
        0.41199814721573724,
        0.5,
        -0.5
      ],
      "vla_disp": 0.018567371111971407,
      "final_dist": 0.43440809121230256
    },
    "ep03_succ": {
      "goal": [
        0.3566838204860687,
        0.1716385781764984
      ],
      "quadrant": "+X+Y",
      "vla_wheel_last": [
        0.026385260745882988,
        0.018929144367575645,
        -0.027819715440273285
      ],
      "pctrl_wheel_last": [
        0.5,
        0.5,
        -0.5
      ],
      "vla_disp": 0.014755448537813841,
      "final_dist": 0.4012332245734166
    },
    "ep05_succ": {
      "goal": [
        0.12247881293296814,
        0.2560589909553528
      ],
      "quadrant": "+X+Y",
      "vla_wheel_last": [
        0.02706095203757286,
        0.02750430628657341,
        -0.026205934584140778
      ],
      "pctrl_wheel_last": [
        0.5,
        0.5,
        0.5
      ],
      "vla_disp": 0.015329572438336256,
      "final_dist": 0.29736994632066865
    },
    "ep06_succ": {
      "goal": [
        0.2863190770149231,
        0.19365696609020233
      ],
      "quadrant": "+X+Y",
      "vla_wheel_last": [
        0.026960337534546852,
        0.0209478922188282,
        -0.027437951415777206
      ],
      "pctrl_wheel_last": [
        0.5,
        0.5,
        -0.3556876274455856
      ],
      "vla_disp": 0.014990233594316572,
      "final_dist": 0.3533253550885921
    }
  },
  "phase": 175
}