{
  "phase": 85,
  "sim": "URDF+kinematic_overlay",
  "mean_dist": 0.4765747082986177,
  "success_rate": 0.0,
  "results": [
    [
      "(0.3, 0.2)",
      false,
      0.3818785508649156
    ],
    [
      "(0.5, 0.0)",
      false,
      0.5254219257522731
    ],
    [
      "(-0.3, 0.3)",
      false,
      0.4189586612495108
    ],
    [
      "(0.2, -0.4)",
      false,
      0.47632309294251624
    ],
    [
      "(0.4, 0.4)",
      false,
      0.580291310683873
    ]
  ]
}