{
  "checkpoint": "/Users/i_am_ai/hermes_research/lekiwi_vla/results/phase154_sweep_lr2e-05_ep3_20260418_0754/best_policy.pt",
  "summary": {
    "vla_sr": 0.1,
    "pctrl_sr": 0.2,
    "gap_pp": 10.0,
    "vla_wins": 1,
    "pctrl_wins": 2,
    "ties": 7
  },
  "goals": [
    [
      0.18235185742378235,
      -0.44617897272109985
    ],
    [
      -0.2796401381492615,
      -0.31562820076942444
    ],
    [
      -0.32409408688545227,
      0.312094509601593
    ],
    [
      0.42334499955177307,
      -0.22342559695243835
    ],
    [
      0.31975457072257996,
      0.38989269733428955
    ],
    [
      0.0129704549908638,
      -0.255035400390625
    ],
    [
      0.32424160838127136,
      -0.28623703122138977
    ],
    [
      0.24146705865859985,
      0.1299402117729187
    ],
    [
      0.42740726470947266,
      -0.2680917978286743
    ],
    [
      0.29912513494491577,
      0.018165037035942078
    ]
  ],
  "vla": {
    "success": [
      false,
      false,
      false,
      false,
      true,
      false,
      false,
      false,
      false,
      false
    ],
    "steps": [
      200,
      200,
      200,
      200,
      112,
      200,
      200,
      200,
      200,
      200
    ],
    "dist": [
      2.6815331698481195,
      1.764190073378525,
      1.5419138947119018,
      2.3664032588433037,
      0.14511089441192046,
      2.101693724028296,
      2.50296770837358,
      2.288541054903515,
      1.5984136030951137,
      1.7938979478978436
    ]
  },
  "pctrl": {
    "success": [
      false,
      false,
      false,
      false,
      false,
      false,
      false,
      true,
      false,
      true
    ],
    "steps": [
      200,
      200,
      200,
      200,
      200,
      200,
      200,
      193,
      200,
      152
    ],
    "dist": [
      0.46797252849842197,
      0.3954288284746735,
      0.3651893750791038,
      0.22970424351416718,
      0.4537944828755189,
      0.23439006099752518,
      0.34680238293086135,
      0.14953910656257519,
      0.2757179506466675,
      0.1495259110163654
    ]
  },
  "config": {
    "n_episodes": 10,
    "seed": 123,
    "restricted": false,
    "max_steps": 200,
    "eval_time": "20260418_2342"
  }
}