{
  "checkpoint": "/Users/i_am_ai/hermes_research/lekiwi_vla/results/phase154_sweep_lr2e-05_ep3_20260418_0754/best_policy.pt",
  "summary": {
    "vla_sr": 0.1,
    "pctrl_sr": 0.4,
    "gap_pp": 30.000000000000004,
    "vla_wins": 0,
    "pctrl_wins": 3,
    "ties": 7
  },
  "goals": [
    [
      0.3643736243247986,
      -0.036672934889793396
    ],
    [
      0.415158748626709,
      0.11842081695795059
    ],
    [
      -0.043493591248989105,
      0.28537341952323914
    ],
    [
      0.3566838204860687,
      0.1716385781764984
    ],
    [
      -0.023131821304559708,
      -0.029768437147140503
    ],
    [
      0.12247881293296814,
      0.2560589909553528
    ],
    [
      0.2863190770149231,
      0.19365696609020233
    ],
    [
      0.16604851186275482,
      -0.16365677118301392
    ],
    [
      0.23275087773799896,
      -0.26170966029167175
    ],
    [
      0.39657869935035706,
      0.0789986401796341
    ]
  ],
  "vla": {
    "success": [
      false,
      false,
      false,
      false,
      true,
      false,
      false,
      false,
      false,
      false
    ],
    "steps": [
      200,
      200,
      200,
      200,
      1,
      200,
      200,
      200,
      200,
      200
    ],
    "dist": [
      1.9512438290770269,
      1.507347227236917,
      1.8704291138978755,
      2.080331041755069,
      0.03769935022051888,
      2.16885906687421,
      1.844813471619829,
      1.9089230663475745,
      2.4062615802622926,
      1.8025412222085668
    ]
  },
  "pctrl": {
    "success": [
      true,
      true,
      false,
      false,
      true,
      false,
      false,
      false,
      false,
      true
    ],
    "steps": [
      179,
      198,
      200,
      200,
      1,
      200,
      200,
      200,
      200,
      179
    ],
    "dist": [
      0.14771209894503384,
      0.14638486558361286,
      0.26035934290199525,
      0.20842071903082973,
      0.03769935022051888,
      0.26733405353025674,
      0.2230278835669964,
      0.21394533759206905,
      0.3331300419114186,
      0.14935820156547425
    ]
  },
  "config": {
    "n_episodes": 10,
    "seed": 42,
    "restricted": true,
    "max_steps": 200,
    "eval_time": "20260418_2338"
  }
}