{
  "checkpoint": "/Users/i_am_ai/hermes_research/lekiwi_vla/results/phase154_sweep_lr2e-05_ep3_20260418_0754/best_policy.pt",
  "summary": {
    "vla_sr": 0.23333333333333334,
    "pctrl_sr": 0.5333333333333333,
    "gap_pp": 30.0,
    "vla_wins": 0,
    "pctrl_wins": 9,
    "ties": 21
  },
  "goals": [
    [
      0.3643736243247986,
      -0.036672934889793396
    ],
    [
      0.415158748626709,
      0.11842081695795059
    ],
    [
      -0.043493591248989105,
      0.28537341952323914
    ],
    [
      0.3566838204860687,
      0.1716385781764984
    ],
    [
      -0.023131821304559708,
      -0.029768437147140503
    ],
    [
      0.12247881293296814,
      0.2560589909553528
    ],
    [
      0.2863190770149231,
      0.19365696609020233
    ],
    [
      0.16604851186275482,
      -0.16365677118301392
    ],
    [
      0.23275087773799896,
      -0.26170966029167175
    ],
    [
      0.39657869935035706,
      0.0789986401796341
    ],
    [
      0.3548526465892792,
      -0.08728441596031189
    ],
    [
      0.48241880536079407,
      0.23587267100811005
    ],
    [
      0.3670300841331482,
      -0.18321678042411804
    ],
    [
      0.18003259599208832,
      -0.2737177312374115
    ],
    [
      -0.007426304742693901,
      0.1098293736577034
    ],
    [
      0.3468572795391083,
      0.28050583600997925
    ],
    [
      0.09549521654844284,
      -0.07772417366504669
    ],
    [
      0.18173348903656006,
      -0.18631719052791595
    ],
    [
      -0.022047096863389015,
      -0.014577044174075127
    ],
    [
      0.03614560887217522,
      0.10188839584589005
    ],
    [
      0.16229115426540375,
      0.19960691034793854
    ],
    [
      0.32015904784202576,
      -0.11258001625537872
    ],
    [
      0.3993558883666992,
      0.18285861611366272
    ],
    [
      0.13248702883720398,
      -0.12700313329696655
    ],
    [
      0.30949729681015015,
      -0.2161485105752945
    ],
    [
      0.019944921135902405,
      -0.29558265209198
    ],
    [
      0.3721546232700348,
      0.09891051054000854
    ],
    [
      0.3230992257595062,
      0.1684374213218689
    ],
    [
      0.17534945905208588,
      0.04124471917748451
    ],
    [
      -0.016121800988912582,
      -0.23128195106983185
    ]
  ],
  "vla": {
    "success": [
      false,
      false,
      false,
      false,
      true,
      true,
      false,
      false,
      false,
      false,
      false,
      false,
      false,
      false,
      true,
      false,
      true,
      false,
      true,
      true,
      true,
      false,
      false,
      false,
      false,
      false,
      false,
      false,
      false,
      false
    ],
    "steps": [
      200,
      200,
      200,
      200,
      1,
      86,
      200,
      200,
      200,
      200,
      200,
      200,
      200,
      200,
      1,
      200,
      1,
      200,
      1,
      1,
      114,
      200,
      200,
      200,
      200,
      200,
      200,
      200,
      200,
      200
    ],
    "dist": [
      1.819791555213675,
      2.2108180406661964,
      1.6427820716935002,
      1.5863089804894652,
      0.03769935022051888,
      0.14586041948291317,
      1.130635590819993,
      1.7904564270222216,
      2.4723332507481963,
      1.4652530173805651,
      1.7233279521968972,
      1.6763358367861567,
      2.7752198343486287,
      1.9560058425842366,
      0.11008015861259826,
      1.7035346676707184,
      0.12312750933706215,
      1.8654571593733273,
      0.02643037451411908,
      0.1081098989398707,
      0.14879180184760818,
      2.2802361017192303,
      1.875674289573433,
      1.9388789021239845,
      2.1361725288289164,
      2.2479164339033426,
      1.6411673026688638,
      2.089364010196491,
      1.9871433831275143,
      1.9191895366749474
    ]
  },
  "pctrl": {
    "success": [
      true,
      true,
      false,
      true,
      true,
      true,
      true,
      false,
      false,
      true,
      false,
      false,
      false,
      false,
      true,
      false,
      true,
      false,
      true,
      true,
      true,
      false,
      true,
      false,
      false,
      false,
      true,
      true,
      true,
      false
    ],
    "steps": [
      118,
      113,
      200,
      104,
      1,
      59,
      87,
      200,
      200,
      111,
      200,
      200,
      200,
      200,
      1,
      200,
      1,
      200,
      1,
      1,
      52,
      200,
      112,
      200,
      200,
      200,
      107,
      96,
      63,
      200
    ],
    "dist": [
      0.14919857696692526,
      0.14481598156233305,
      0.32021187675476287,
      0.14847610590228752,
      0.03769935022051888,
      0.14924495585477296,
      0.14700384364331842,
      0.3725226463368688,
      0.33595600705092454,
      0.14841752452182805,
      0.161277063208084,
      0.3240045029511492,
      0.18984276493591787,
      0.3957885987280646,
      0.11008015861259826,
      0.3578296752641254,
      0.12312750933706215,
      0.36291951574729886,
      0.02643037451411908,
      0.1081098989398707,
      0.14950066500489392,
      0.2431717718352787,
      0.1495612719191522,
      0.3458267523405905,
      0.3247987498497491,
      0.29693588436263235,
      0.14586417972945334,
      0.14815419464268365,
      0.14959916207188997,
      0.214274836766979
    ]
  },
  "config": {
    "n_episodes": 30,
    "seed": 42,
    "restricted": true,
    "max_steps": 200,
    "eval_time": "20260418_1051"
  }
}