{
  "checkpoint": "results/task_oriented_newdata_50ep/final_policy.pt",
  "summary": {
    "vla_sr": 0.1,
    "pctrl_sr": 0.0,
    "gap_pp": -10.0,
    "vla_wins": 1,
    "pctrl_wins": 0,
    "ties": 9
  },
  "goals": [
    [
      0.2739560604095459,
      -0.061121560633182526
    ],
    [
      0.35859793424606323,
      0.19736802577972412
    ],
    [
      -0.40582266449928284,
      0.47562235593795776
    ],
    [
      0.2611396908760071,
      0.2860642969608307
    ],
    [
      -0.37188637256622314,
      -0.049614060670137405
    ],
    [
      -0.1292019784450531,
      0.42676499485969543
    ],
    [
      0.14386512339115143,
      0.3227616250514984
    ],
    [
      -0.056585799902677536,
      -0.2727612853050232
    ],
    [
      0.05458478629589081,
      -0.43618273735046387
    ],
    [
      0.3276311755180359,
      0.13166439533233643
    ]
  ],
  "vla": {
    "success": [
      false,
      false,
      false,
      false,
      false,
      true,
      false,
      false,
      false,
      false
    ],
    "steps": [
      200,
      200,
      200,
      200,
      200,
      117,
      200,
      200,
      200,
      200
    ],
    "dist": [
      1.5327459376099914,
      2.0246417525221583,
      1.1432800227108013,
      1.160702446356566,
      1.7544617700618264,
      0.14726401414624898,
      1.7383882572044682,
      2.0810040419064677,
      2.4874793300877895,
      1.6611062440084734
    ]
  },
  "pctrl": {
    "success": [
      false,
      false,
      false,
      false,
      false,
      false,
      false,
      false,
      false,
      false
    ],
    "steps": [
      200,
      200,
      200,
      200,
      200,
      200,
      200,
      200,
      200,
      200
    ],
    "dist": [
      0.2842629488214367,
      0.41379517999881005,
      0.6237421882511637,
      0.39027350904766,
      0.3742192195847525,
      0.4443095408827829,
      0.3545148398764166,
      0.2793343277761488,
      0.44166740838549085,
      0.35802325007030916
    ]
  },
  "config": {
    "n_episodes": 10,
    "seed": 42,
    "restricted": false,
    "max_steps": 200,
    "eval_time": "20260418_1343"
  }
}