{
  "phase": "222_quick",
  "timestamp": "2026-04-20 16:43:49",
  "n_goals": 20,
  "seed": 42,
  "success_radius": 0.1,
  "vla_sr": 0.6,
  "pctrl_sr": 1.0,
  "elapsed": 671.3519678115845,
  "goals": [
    [
      -0.06909491086447811,
      0.22535715320495808
    ],
    [
      0.19899545635855384,
      0.0493292420985183
    ],
    [
      -0.2329860196681726,
      -0.17200273983189868
    ],
    [
      -0.3064372908738504,
      0.1830880728874676
    ],
    [
      0.10083625880740663,
      0.10403628889802274
    ],
    [
      -0.33456162927814814,
      0.23495492608099716
    ],
    [
      0.2743319806003163,
      -0.14383044466086192
    ],
    [
      -0.21363127459467451,
      -0.1582977450732831
    ],
    [
      -0.12181831778034669,
      0.01237821581611892
    ],
    [
      -0.026041236018413155,
      -0.10438542990097904
    ],
    [
      0.10888967104178462,
      -0.18025306967397908
    ],
    [
      -0.13089151359858636,
      -0.06681907835315415
    ],
    [
      -0.007947511837223031,
      0.1425879806965068
    ],
    [
      -0.20024466338123018,
      0.007117219206805803
    ],
    [
      0.09431092664653187,
      -0.22677479364000114
    ],
    [
      0.1056586389260788,
      -0.16473793815635424
    ],
    [
      -0.30121130526104034,
      0.22444276862666662
    ],
    [
      0.37422402480591954,
      0.15419867405823057
    ],
    [
      -0.12153967311997196,
      -0.20116394299680807
    ],
    [
      0.1631747698841177,
      -0.02992375313019935
    ]
  ]
}